Linear,Laplace1,Laplace2
8,6.47656454731,2.600831823
16,9.88764483865,5.200000013
32,14.2475438143,10.250312321