Linear,SGEMV1,SGEMV2
1.5,1.46979665892,1.483123
2,1.91477039021,1.9312
2.5,2.40552403449,2.13
3,2.93660728735,2.98
3.5,3.36861300318,3.42