mode,size,threads,time
openmp,1000,2,2.46071
openmp,1000,4,1.41469
openmp,1000,6,1.16246
openmp,1000,8,1.03133
openmp,2000,2,21.0789
openmp,2000,4,13.101
openmp,2000,6,10.6081
openmp,2000,8,11.3905
posix,1000,2,3.76372
posix,1000,4,2.21261
posix,1000,6,1.60682
posix,1000,8,1.4956
posix,2000,2,26.6269
posix,2000,4,15.0051
posix,2000,6,11.838
posix,2000,8,10.7371
